Name,Year,Major,Minor,Financial Aid,Account Status,Monday,Tuesday,Wednesday,Thursday,Friday
PLACEHOLDER,PLACEHOLDER,PLACEHOLDER,PLACEHOLDER,PLACEHOLDER,PLACEHOLDER,PLACEHOLDER,PLACEHOLDER,PLACEHOLDER,PLACEHOLDER,PLACEHOLDER
PLACEHOLDER,PLACEHOLDER,PLACEHOLDER,PLACEHOLDER,PLACEHOLDER,PLACEHOLDER,PLACEHOLDER,PLACEHOLDER,PLACEHOLDER,PLACEHOLDER,PLACEHOLDER
PLACEHOLDER,PLACEHOLDER,PLACEHOLDER,PLACEHOLDER,PLACEHOLDER,PLACEHOLDER,PLACEHOLDER,PLACEHOLDER,PLACEHOLDER,PLACEHOLDER,PLACEHOLDER
PLACEHOLDER,PLACEHOLDER,PLACEHOLDER,PLACEHOLDER,PLACEHOLDER,PLACEHOLDER,PLACEHOLDER,PLACEHOLDER,PLACEHOLDER,PLACEHOLDER,PLACEHOLDER
PLACEHOLDER,PLACEHOLDER,PLACEHOLDER,PLACEHOLDER,PLACEHOLDER,PLACEHOLDER,PLACEHOLDER,PLACEHOLDER,PLACEHOLDER,PLACEHOLDER,PLACEHOLDER
PLACEHOLDER,PLACEHOLDER,PLACEHOLDER,PLACEHOLDER,PLACEHOLDER,PLACEHOLDER,PLACEHOLDER,PLACEHOLDER,PLACEHOLDER,PLACEHOLDER,PLACEHOLDER
PLACEHOLDER,PLACEHOLDER,PLACEHOLDER,PLACEHOLDER,PLACEHOLDER,PLACEHOLDER,PLACEHOLDER,PLACEHOLDER,PLACEHOLDER,PLACEHOLDER,PLACEHOLDER
PLACEHOLDER,PLACEHOLDER,PLACEHOLDER,PLACEHOLDER,PLACEHOLDER,PLACEHOLDER,PLACEHOLDER,PLACEHOLDER,PLACEHOLDER,PLACEHOLDER,PLACEHOLDER
PLACEHOLDER,PLACEHOLDER,PLACEHOLDER,PLACEHOLDER,PLACEHOLDER,PLACEHOLDER,PLACEHOLDER,PLACEHOLDER,PLACEHOLDER,PLACEHOLDER,PLACEHOLDER
PLACEHOLDER,PLACEHOLDER,PLACEHOLDER,PLACEHOLDER,PLACEHOLDER,PLACEHOLDER,PLACEHOLDER,PLACEHOLDER,PLACEHOLDER,PLACEHOLDER,PLACEHOLDER
PLACEHOLDER,PLACEHOLDER,PLACEHOLDER,PLACEHOLDER,PLACEHOLDER,PLACEHOLDER,PLACEHOLDER,PLACEHOLDER,PLACEHOLDER,PLACEHOLDER,PLACEHOLDER
PLACEHOLDER,PLACEHOLDER,PLACEHOLDER,PLACEHOLDER,PLACEHOLDER,PLACEHOLDER,PLACEHOLDER,PLACEHOLDER,PLACEHOLDER,PLACEHOLDER,PLACEHOLDER
PLACEHOLDER,PLACEHOLDER,PLACEHOLDER,PLACEHOLDER,PLACEHOLDER,PLACEHOLDER,PLACEHOLDER,PLACEHOLDER,PLACEHOLDER,PLACEHOLDER,PLACEHOLDER
PLACEHOLDER,PLACEHOLDER,PLACEHOLDER,PLACEHOLDER,PLACEHOLDER,PLACEHOLDER,PLACEHOLDER,PLACEHOLDER,PLACEHOLDER,PLACEHOLDER,PLACEHOLDER
PLACEHOLDER,PLACEHOLDER,PLACEHOLDER,PLACEHOLDER,PLACEHOLDER,PLACEHOLDER,PLACEHOLDER,PLACEHOLDER,PLACEHOLDER,PLACEHOLDER,PLACEHOLDER
PLACEHOLDER,PLACEHOLDER,PLACEHOLDER,PLACEHOLDER,PLACEHOLDER,PLACEHOLDER,PLACEHOLDER,PLACEHOLDER,PLACEHOLDER,PLACEHOLDER,PLACEHOLDER
PLACEHOLDER,PLACEHOLDER,PLACEHOLDER,PLACEHOLDER,PLACEHOLDER,PLACEHOLDER,PLACEHOLDER,PLACEHOLDER,PLACEHOLDER,PLACEHOLDER,PLACEHOLDER
PLACEHOLDER,PLACEHOLDER,PLACEHOLDER,PLACEHOLDER,PLACEHOLDER,PLACEHOLDER,PLACEHOLDER,PLACEHOLDER,PLACEHOLDER,PLACEHOLDER,PLACEHOLDER
PLACEHOLDER,PLACEHOLDER,PLACEHOLDER,PLACEHOLDER,PLACEHOLDER,PLACEHOLDER,PLACEHOLDER,PLACEHOLDER,PLACEHOLDER,PLACEHOLDER,PLACEHOLDER
PLACEHOLDER,PLACEHOLDER,PLACEHOLDER,PLACEHOLDER,PLACEHOLDER,PLACEHOLDER,PLACEHOLDER,PLACEHOLDER,PLACEHOLDER,PLACEHOLDER,PLACEHOLDER
PLACEHOLDER,PLACEHOLDER,PLACEHOLDER,PLACEHOLDER,PLACEHOLDER,PLACEHOLDER,PLACEHOLDER,PLACEHOLDER,PLACEHOLDER,PLACEHOLDER,PLACEHOLDER
PLACEHOLDER,PLACEHOLDER,PLACEHOLDER,PLACEHOLDER,PLACEHOLDER,PLACEHOLDER,PLACEHOLDER,PLACEHOLDER,PLACEHOLDER,PLACEHOLDER,PLACEHOLDER
PLACEHOLDER,PLACEHOLDER,PLACEHOLDER,PLACEHOLDER,PLACEHOLDER,PLACEHOLDER,PLACEHOLDER,PLACEHOLDER,PLACEHOLDER,PLACEHOLDER,PLACEHOLDER
PLACEHOLDER,PLACEHOLDER,PLACEHOLDER,PLACEHOLDER,PLACEHOLDER,PLACEHOLDER,PLACEHOLDER,PLACEHOLDER,PLACEHOLDER,PLACEHOLDER,PLACEHOLDER
PLACEHOLDER,PLACEHOLDER,PLACEHOLDER,PLACEHOLDER,PLACEHOLDER,PLACEHOLDER,PLACEHOLDER,PLACEHOLDER,PLACEHOLDER,PLACEHOLDER,PLACEHOLDER
PLACEHOLDER,PLACEHOLDER,PLACEHOLDER,PLACEHOLDER,PLACEHOLDER,PLACEHOLDER,PLACEHOLDER,PLACEHOLDER,PLACEHOLDER,PLACEHOLDER,PLACEHOLDER
PLACEHOLDER,PLACEHOLDER,PLACEHOLDER,PLACEHOLDER,PLACEHOLDER,PLACEHOLDER,PLACEHOLDER,PLACEHOLDER,PLACEHOLDER,PLACEHOLDER,PLACEHOLDER
PLACEHOLDER,PLACEHOLDER,PLACEHOLDER,PLACEHOLDER,PLACEHOLDER,PLACEHOLDER,PLACEHOLDER,PLACEHOLDER,PLACEHOLDER,PLACEHOLDER,PLACEHOLDER
PLACEHOLDER,PLACEHOLDER,PLACEHOLDER,PLACEHOLDER,PLACEHOLDER,PLACEHOLDER,PLACEHOLDER,PLACEHOLDER,PLACEHOLDER,PLACEHOLDER,PLACEHOLDER
